ID,名称,概要,詳細
PUZZLE-001,Hidato,連続する数字を経路上に配置して完成させるパズル,../パズル/Hidato導入成立性調査.md
PUZZLE-002,タクズ,0と1を制約に従って配置して盤面を完成させるパズル,../パズル/タクズ成立性調査.md
PUZZLE-003,ノノグラム,行列のヒントから塗るマスを特定して絵を完成させるパズル,../パズル/ノノグラム調査.md
PUZZLE-004,パイプパズル,タイルを回転して全体の接続を成立させるパズル,../パズル/パイプパズル調査.md
PUZZLE-005,パーキングジャム,車両の配置と向きを読みながら順に出庫させるパズル,../パズル/パーキングジャム調査.md
PUZZLE-006,ブロック脱出,方向固定のブロックを動かして対象ブロックを出口へ導くパズル,../パズル/ブロック脱出調査.md
PUZZLE-007,マインスイーパー,周囲の地雷数を手掛かりに安全なマスを開いていくパズル,../パズル/マインスイーパー導入判断.md
PUZZLE-008,経路接続,同じ端点同士を経路で結び全マスを被覆するパズル,../パズル/経路接続調査.md
PUZZLE-009,迷路,開始点からゴールまでの経路を探して進むパズル,../パズル/迷路調査.md
